{"prior_sample_size": 15073, "prior_cpds": {"LANE_THETA": [0.02885428041122397, 0.06888657641782378, 0.7812355156818216, 0.07130180159003155, 0.04359548232435411, 0.006146246712806363], "RATIO_LANE_DIST_TO_LANE_WIDTH": [0.46074548214601846, 0.223886848016402, 0.1741910534071313, 0.047933075439304855, 0.03923925404093054, 0.03410114888877877], "RATIO_LNG_DIST_TO_MOV_DIST": [0.013583013592473166, 0.05126466974292559, 0.10478596011591332, 0.6354684164811484, 0.2148010781289739], "RATIO_V_TO_V_MAX": [0.6648524179285754, 0.23519218815547743, 0.07066785680608623, 0.01616119623208996, 0.008349521794921811, 0.004776819082849153]}}