{
    "continuous_evidence": ["LANE_THETA", "RATIO_LANE_DIST_TO_LANE_WIDTH", "RATIO_LNG_DIST_TO_MOV_DIST",   				"RATIO_V_TO_V_MAX"],
    "binary_evidence": [],
    "causal_evidence": ["NEAR_LANE_TO_EXIT", "THETA_WITHIN_RANGE", "REVERSE_LANE_THETA"],
    "continuous_evidence_interval":
    {
        "LANE_THETA": [0.0, 45.0, 70.0, 110.0, 135.0, 180.0, 360.0],
        "RATIO_LANE_DIST_TO_LANE_WIDTH": [0.0, 0.25, 0.5, 1.0, 1.5, 2.5, 1000.0],
        "RATIO_LNG_DIST_TO_MOV_DIST": [-1000.0, 0.0, 0.4, 0.8, 1.0, 1000.0],
        "RATIO_V_TO_V_MAX": [0.0, 0.5, 1.0, 1.5, 2.0, 3.0, 1000.0]
    },

    "cpt": {"LANE_THETA": [0.02885428041122397, 0.06888657641782378, 0.7812355156818216, 0.07130180159003155, 0.04359548232435411, 0.006146246712806363], "RATIO_LANE_DIST_TO_LANE_WIDTH": [0.46074548214601846, 0.223886848016402, 0.1741910534071313, 0.047933075439304855, 0.03923925404093054, 0.03410114888877877], "RATIO_LNG_DIST_TO_MOV_DIST": [0.013583013592473166, 0.05126466974292559, 0.10478596011591332, 0.6354684164811484, 0.2148010781289739], "RATIO_V_TO_V_MAX": [0.6648524179285754, 0.23519218815547743, 0.07066785680608623, 0.01616119623208996, 0.008349521794921811, 0.004776819082849153], "NEAR_LANE_TO_EXIT": [0.0001, 0.9999], "THETA_WITHIN_RANGE": [0.0001, 0.9999], "REVERSE_LANE_THETA": [0.9999, 0.0001]},

    "intention_switching_prob": [0.8, 0.2],

    "intention_evidence_relation": [1, 1, 1, 1, 1, 1, 1],

    "prior_sample_size": 15000
}
